{
  "dataset_revision": "0fd18e25b25c072e09e0d92ab615fda904d66300",
  "mteb_dataset_name": "Banking77Classification",
  "mteb_version": "1.1.1",
  "test": {
    "accuracy": 0.7663636363636364,
    "accuracy_stderr": 0.008049329276696824,
    "evaluation_time": 242.59,
    "f1": 0.7571862523229754,
    "f1_stderr": 0.009676908587947413,
    "main_score": 0.7663636363636364
  }
}