{
  "dataset_revision": "0fd18e25b25c072e09e0d92ab615fda904d66300",
  "mteb_dataset_name": "Banking77Classification",
  "mteb_version": "1.1.1",
  "test": {
    "accuracy": 0.6676623376623377,
    "accuracy_stderr": 0.005370801164091484,
    "evaluation_time": 10.77,
    "f1": 0.6659096432882667,
    "f1_stderr": 0.006012539207704088,
    "main_score": 0.6676623376623377
  }
}