{
  "dataset_revision": "0fd18e25b25c072e09e0d92ab615fda904d66300",
  "mteb_dataset_name": "Banking77Classification",
  "mteb_version": "1.1.1",
  "test": {
    "accuracy": 0.7652597402597403,
    "accuracy_stderr": 0.00855197516981373,
    "evaluation_time": 649.75,
    "f1": 0.7558810808265066,
    "f1_stderr": 0.010040286384762051,
    "main_score": 0.7652597402597403
  }
}